{"cameraMode":{"drawMode":0,"name":"Shaded","section":"Shading Mode"},"sceneLighting":true,"audioPlay":false,"sceneViewState":{"m_AlwaysRefresh":false,"showFog":true,"showSkybox":false,"showFlares":true,"showImageEffects":true,"showParticleSystems":true,"showVisualEffectGraphs":true,"m_FxEnabled":true},"in2DMode":false,"pivot":{"x":0.9928169846534729,"y":1.7346091270446778,"z":-2.309782028198242},"rotation":{"x":0.0035154595971107485,"y":0.9877840280532837,"z":-0.15415196120738984,"w":0.022526254877448083},"size":4.872879981994629,"orthographic":false}